{
  "elo_baseline": {
    "log_loss": 0.6817202478240723,
    "brier": 0.24443238396045924,
    "auc": 0.5692513310535441,
    "accuracy": 0.5638111888111889,
    "n_games": 3432
  },
  "logistic_regression": {
    "log_loss": 0.6803747003349839,
    "brier": 0.24375691567412341,
    "auc": 0.5739098476785633,
    "accuracy": 0.5550699300699301,
    "n_games": 3432
  },
  "xgboost": {
    "log_loss": 0.6823716759681702,
    "brier": 0.24470309913158417,
    "auc": 0.5673611462157366,
    "accuracy": 0.5547785547785548,
    "n_games": 3432
  },
  "ensemble": {
    "log_loss": 0.680585314969074,
    "brier": 0.2438640763169418,
    "auc": 0.574253797106043,
    "accuracy": 0.5553613053613053,
    "n_games": 3432
  },
  "skellam_poisson": {
    "log_loss": 0.6859832651167924,
    "brier": 0.24642558740430656,
    "auc": 0.5723297979749679,
    "accuracy": 0.5506993006993007,
    "n_games": 3432
  },
  "best_model": "logistic_regression"
}