{
  "elo_baseline": {
    "log_loss": 0.6816692958798146,
    "brier": 0.2443846922272983,
    "auc": 0.5682358775799623,
    "accuracy": 0.5620629370629371,
    "n_games": 3432
  },
  "logistic_regression": {
    "log_loss": 0.6804862845183206,
    "brier": 0.24381288683087715,
    "auc": 0.5732892358516215,
    "accuracy": 0.5568181818181818,
    "n_games": 3432
  },
  "xgboost": {
    "log_loss": 0.6831811666488647,
    "brier": 0.24508848786354065,
    "auc": 0.5648607670857817,
    "accuracy": 0.5588578088578089,
    "n_games": 3432
  },
  "ensemble": {
    "log_loss": 0.6807046265063997,
    "brier": 0.2439226902012115,
    "auc": 0.5734429371846561,
    "accuracy": 0.5582750582750583,
    "n_games": 3432
  },
  "skellam_poisson": {
    "log_loss": 0.686043922744179,
    "brier": 0.24645945039341513,
    "auc": 0.5719035329446852,
    "accuracy": 0.5501165501165501,
    "n_games": 3432
  },
  "best_model": "logistic_regression"
}