{
  "elo_baseline": {
    "log_loss": 0.6818383242755742,
    "brier": 0.24446733910074617,
    "auc": 0.5676089458114622,
    "accuracy": 0.5611366245694603,
    "n_games": 3484
  },
  "logistic_regression": {
    "log_loss": 0.6806554138254906,
    "brier": 0.24389612229755323,
    "auc": 0.5723733307164746,
    "accuracy": 0.5559701492537313,
    "n_games": 3484
  },
  "xgboost": {
    "log_loss": 0.682285726070404,
    "brier": 0.24465739727020264,
    "auc": 0.5679371582570791,
    "accuracy": 0.5605625717566016,
    "n_games": 3484
  },
  "ensemble": {
    "log_loss": 0.6809243412685941,
    "brier": 0.24403003722602157,
    "auc": 0.5725702581838448,
    "accuracy": 0.5582663605051664,
    "n_games": 3484
  },
  "skellam_poisson": {
    "log_loss": 0.6865564100282855,
    "brier": 0.24670512262260547,
    "auc": 0.5707889597289959,
    "accuracy": 0.5493685419058554,
    "n_games": 3484
  },
  "best_model": "logistic_regression"
}