{
  "elo_baseline": {
    "log_loss": 0.6819365331840905,
    "brier": 0.24451634313241208,
    "auc": 0.5670971818851731,
    "accuracy": 0.5610675950101538,
    "n_games": 3447
  },
  "logistic_regression": {
    "log_loss": 0.6806822969621387,
    "brier": 0.2439089593409704,
    "auc": 0.5724678417390927,
    "accuracy": 0.5558456628952713,
    "n_games": 3447
  },
  "xgboost": {
    "log_loss": 0.682659924030304,
    "brier": 0.24483120441436768,
    "auc": 0.5673261096902837,
    "accuracy": 0.5610675950101538,
    "n_games": 3447
  },
  "ensemble": {
    "log_loss": 0.6809390027961182,
    "brier": 0.24403740668336013,
    "auc": 0.5725799350874532,
    "accuracy": 0.5581665216129968,
    "n_games": 3447
  },
  "skellam_poisson": {
    "log_loss": 0.6863695002850045,
    "brier": 0.24661485574794434,
    "auc": 0.5711907903292226,
    "accuracy": 0.5497534087612417,
    "n_games": 3447
  },
  "best_model": "logistic_regression"
}