{
 "generated_at_utc": "2026-06-12 11:15 UTC",
 "n_predictions_logged": 38,
 "n_scored": 22,
 "backtest_metrics": {
  "elo_baseline": {
   "log_loss": 0.6818356379791274,
   "brier": 0.24446629308660636,
   "auc": 0.5674737928522282,
   "accuracy": 0.561667631731326,
   "n_games": 3454
  },
  "logistic_regression": {
   "log_loss": 0.680574208519657,
   "brier": 0.24385513033038078,
   "auc": 0.5728997180286288,
   "accuracy": 0.5561667631731326,
   "n_games": 3454
  },
  "xgboost": {
   "log_loss": 0.68248051404953,
   "brier": 0.24475820362567902,
   "auc": 0.5665737442829967,
   "accuracy": 0.5605095541401274,
   "n_games": 3454
  },
  "ensemble": {
   "log_loss": 0.6808411385962866,
   "brier": 0.24398870497912242,
   "auc": 0.5729982056367291,
   "accuracy": 0.5587724377533295,
   "n_games": 3454
  },
  "skellam_poisson": {
   "log_loss": 0.6862809828698291,
   "brier": 0.24657089746894875,
   "auc": 0.5714898611729469,
   "accuracy": 0.5503763752171396,
   "n_games": 3454
  }
 },
 "best_model": "logistic_regression"
}