{
 "generated_at_utc": "2026-06-10 18:37 UTC",
 "n_predictions_logged": 15,
 "n_scored": 0,
 "backtest_metrics": {
  "elo_baseline": {
   "log_loss": 0.6817202478240723,
   "brier": 0.24443238396045924,
   "auc": 0.5692513310535441,
   "accuracy": 0.5638111888111889,
   "n_games": 3432
  },
  "logistic_regression": {
   "log_loss": 0.6803755073456639,
   "brier": 0.24375730337626358,
   "auc": 0.573903699625242,
   "accuracy": 0.5550699300699301,
   "n_games": 3432
  },
  "xgboost": {
   "log_loss": 0.6829720139503479,
   "brier": 0.2449927031993866,
   "auc": 0.565966562787336,
   "accuracy": 0.5521561771561772,
   "n_games": 3432
  },
  "ensemble": {
   "log_loss": 0.6805864557534975,
   "brier": 0.24386463018140603,
   "auc": 0.5742544802230787,
   "accuracy": 0.5556526806526807,
   "n_games": 3432
  },
  "skellam_poisson": {
   "log_loss": 0.6859841380357844,
   "brier": 0.2464259919102832,
   "auc": 0.57232945641645,
   "accuracy": 0.5506993006993007,
   "n_games": 3432
  }
 },
 "best_model": "logistic_regression"
}