{
 "generated_at_utc": "2026-06-13 10:13 UTC",
 "n_predictions_logged": 53,
 "n_scored": 37,
 "backtest_metrics": {
  "elo_baseline": {
   "log_loss": 0.68191857708665,
   "brier": 0.24450733919838336,
   "auc": 0.5670435733563424,
   "accuracy": 0.5609685788411646,
   "n_games": 3469
  },
  "logistic_regression": {
   "log_loss": 0.6806026590956393,
   "brier": 0.24386944936943664,
   "auc": 0.5725276158561667,
   "accuracy": 0.5560680311328913,
   "n_games": 3469
  },
  "xgboost": {
   "log_loss": 0.6823819279670715,
   "brier": 0.24471008777618408,
   "auc": 0.5668827107851498,
   "accuracy": 0.5635629864514269,
   "n_games": 3469
  },
  "ensemble": {
   "log_loss": 0.6809050966761147,
   "brier": 0.24402010103866056,
   "auc": 0.5726246016059503,
   "accuracy": 0.5586624387431537,
   "n_games": 3469
  },
  "skellam_poisson": {
   "log_loss": 0.686439140324163,
   "brier": 0.24664551137145327,
   "auc": 0.571107945139509,
   "accuracy": 0.5497261458633612,
   "n_games": 3469
  }
 },
 "best_model": "logistic_regression"
}