{
 "generated_at_utc": "2026-06-10 15:35 UTC",
 "n_predictions_logged": 15,
 "n_scored": 0,
 "backtest_metrics": {
  "elo_baseline": {
   "log_loss": 0.6817202478240723,
   "brier": 0.24443238396045924,
   "auc": 0.5692513310535441,
   "accuracy": 0.5638111888111889,
   "n_games": 3432
  },
  "logistic_regression": {
   "log_loss": 0.6813829687860686,
   "brier": 0.24424426756125184,
   "auc": 0.5694689038294175,
   "accuracy": 0.5623543123543123,
   "n_games": 3432
  },
  "xgboost": {
   "log_loss": 0.6840656995773315,
   "brier": 0.2455325871706009,
   "auc": 0.5611316311878449,
   "accuracy": 0.5559440559440559,
   "n_games": 3432
  }
 },
 "best_model": "logistic_regression"
}